구간거리_km,운송거리_왕복_km,40FT_안전위탁운임_원,40FT_운수사업자간운임_원,40FT_안전운송운임_원,20FT_안전위탁운임_원,20FT_운수사업자간운임_원,20FT_안전운송운임_원
1,2,125300,135500,146500,108500,117600,127400
2,4,128300,138500,149500,111000,120100,129900
3,6,131700,142000,153200,113600,122800,132800
4,8,134700,145200,156500,116500,125900,136000
5,10,137500,148100,159600,119000,128500,138800
6,12,140600,151400,163100,121800,131400,141800
7,14,143700,154700,166500,124400,134200,144700
8,16,147000,158100,170100,127100,137000,147700
9,18,149900,161200,173300,129800,139900,150700
10,20,153000,164400,176700,132500,142700,153700
11,22,156100,167700,180200,135100,145400,156500
12,24,159100,170900,183500,137900,148400,159600
13,26,162200,174100,186900,140600,151200,162600
14,28,165200,177300,190200,143100,153900,165400
15,30,168400,180600,193700,145800,156700,168400
16,32,171500,183900,197200,149200,160200,172000
17,34,174500,187100,200500,152800,164000,175900
18,36,177500,190200,203800,156400,167700,179800
19,38,180500,193400,207100,160000,171500,183700
20,40,183500,196500,210400,163500,175100,187500
21,42,186600,199800,213900,167100,178800,191300
22,44,189600,203000,217200,170700,182600,195200
23,46,192700,206200,220600,174100,186100,198900
24,48,196500,210200,224700,177900,190100,203000
25,50,200500,214300,229000,181300,193600,206700
26,52,202800,216800,231700,183500,195900,209100
27,54,205000,219100,234200,185500,198100,211400
28,56,207900,222200,237400,187500,200200,213700
29,58,210800,225200,240600,189500,202400,216000
30,60,213800,228400,243900,191600,204600,218400
31,62,216800,231600,247300,193500,206600,220500
32,64,219800,234700,250600,195400,208600,222700
33,66,222700,237800,253800,197400,210800,225000
34,68,225700,240900,257100,199500,213000,227400
35,70,228700,244100,260400,201500,215200,229700
36,72,231800,247400,263900,203400,217200,231800
37,74,234800,250500,267200,205400,219300,234100
38,76,237800,253700,270500,207500,221600,236500
39,78,240800,256800,273800,209500,223700,238800
40,80,243700,259900,277000,211500,225900,241100
41,82,246700,263100,280400,214100,228600,243900
42,84,249700,266200,283700,216600,231200,246700
43,86,252700,269400,287000,219300,234100,249700
44,88,263800,280600,298400,229000,243900,259700
45,90,266800,283800,301700,231600,246700,262600
46,92,269800,287000,305100,234100,249300,265300
47,94,272600,289900,308200,236800,252100,268300
48,96,275600,293100,311500,239200,254700,271000
49,98,278700,296300,314900,241900,257500,274000
50,100,281500,299300,318000,244600,260400,277000
51,102,284500,302500,321400,253800,269700,286400
52,104,286700,304800,323900,255800,271800,288700
53,106,288800,307100,326300,257600,273800,290800
54,108,291200,309600,329000,259600,275900,293100
55,110,293300,311900,331400,261600,278100,295400
56,112,295600,314400,334100,263500,280100,297500
57,114,297800,316700,336600,265400,282100,299700
58,116,300000,319000,339100,267500,284400,302100
59,118,302200,321400,341600,269400,286400,304300
60,120,304400,323700,344100,271300,288500,306500
61,122,306600,326100,346700,273100,290400,308500
62,124,308900,328600,349300,275200,292600,310900
63,126,311000,330800,351700,277100,294600,313100
64,128,313200,333200,354200,278900,296600,315200
65,130,315500,335600,356800,280800,298600,317400
66,132,317600,337900,359300,282800,300700,319600
67,134,319700,340100,361700,284700,302800,321800
68,136,321900,342500,364200,286700,304900,324100
69,138,324100,344800,366700,288500,306900,326200
70,140,326200,347100,369100,290500,309000,328500
71,142,328500,349600,371800,292300,310900,330500
72,144,330700,351900,374300,294100,312800,332600
73,146,332700,354100,376600,296000,314900,334800
74,148,335000,356500,379200,298000,317000,337100
75,150,337100,358700,381600,299900,319100,339300
76,152,339200,361000,384100,301700,321000,341300
77,154,341600,363600,386800,303600,323000,343500
78,156,343600,365700,389100,305400,325000,345600
79,158,345800,368100,391600,307400,327100,347900
80,160,348000,370400,394100,309200,329100,350000
81,162,350200,372800,396700,311000,330900,352000
82,164,352300,375100,399100,313000,333100,354300
83,166,354500,377400,401600,314800,335000,356400
84,168,356700,379700,404100,316600,337000,358500
85,170,358800,382000,406500,318500,339000,360700
86,172,360900,384300,409000,320500,341100,362900
87,174,363000,386500,411400,322200,343000,364900
88,176,365000,388700,413700,324100,345000,367100
89,178,367300,391100,416300,325900,347000,369200
90,180,369500,393500,418800,327800,349000,371400
91,182,371700,395800,421400,329700,351000,373500
92,184,373700,398000,423700,331300,352700,375400
93,186,376000,400400,426300,333200,354800,377600
94,188,378100,402700,428700,335200,356900,379900
95,190,380100,404800,431000,336900,358800,381900
96,192,382400,407300,433700,338700,360700,383900
97,194,384500,409600,436100,340500,362600,386000
98,196,386600,411800,438500,342400,364700,388200
99,198,388700,414100,440900,344300,366700,390400
100,200,390900,416400,443400,346000,368500,392400
101,202,393000,418700,445900,347900,370500,394500
102,204,395100,420900,448300,349800,372600,396700
103,206,397200,423200,450700,351500,374400,398700
104,208,399500,425600,453300,353300,376400,400800
105,210,401500,427800,455600,355100,378300,402900
106,212,403400,429900,457900,357000,380300,405000
107,214,405600,432200,460400,358800,382300,407100
108,216,407700,434400,462800,360600,384200,409200
109,218,409700,436600,465100,362300,386000,411200
110,220,411900,438900,467600,364100,388000,413300
111,222,414100,441300,470200,366000,390000,415400
112,224,424200,451600,480600,374700,398900,424400
113,226,426300,453900,483000,376600,400900,426600
114,228,428400,456100,485400,378400,402800,428700
115,230,430500,458300,487800,380200,404800,430800
116,232,432600,460600,490300,382000,406700,432800
117,234,434700,462900,492700,383700,408500,434800
118,236,436800,465100,495100,385500,410500,436900
119,238,438800,467300,497400,387200,412300,438900
120,240,441000,469600,499900,389000,414300,441000
121,242,443100,471900,502400,390700,416100,442900
122,244,445000,473900,504600,392500,418000,445000
123,246,447100,476200,507000,394400,420000,447200
124,248,449400,478600,509600,396000,421800,449100
125,250,451400,480800,511900,397800,423700,451200
126,252,453500,483100,514400,399600,425600,453200
127,254,455500,485200,516700,401400,427600,455300
128,256,457500,487400,519000,403200,429500,457400
129,258,459600,489600,521400,404900,431400,459400
130,260,461500,491600,523600,406600,433200,461400
131,262,463800,494100,526300,408300,435000,463300
132,264,465800,496300,528600,410200,437000,465500
133,266,467900,498500,531000,411900,438900,467500
134,268,469900,500700,533300,413600,440700,469500
135,270,471900,502800,535600,415200,442500,471400
136,272,474100,505200,538200,417000,444400,473400
137,274,476100,507300,540500,418900,446400,475600
138,276,478100,509500,542800,420600,448300,477600
139,278,480200,511700,545200,422100,449900,479400
140,280,482300,514000,547600,424100,452000,481700
141,282,484300,516200,550000,425800,453800,483600
142,284,486400,518400,552400,427300,455500,485400
143,286,488600,520800,554900,429000,457300,487400
144,288,490600,522900,557200,430800,459300,489500
145,290,492600,525100,559500,432500,461100,491500
146,292,494600,527200,561900,434300,463000,493500
147,294,496700,529500,564300,435900,464800,495400
148,296,498700,531600,566600,437600,466600,497400
149,298,500600,533700,568800,439500,468600,499600
150,300,502700,535900,571200,441000,470300,501400
151,302,504800,538200,573700,442800,472200,503400
152,304,506800,540400,576000,444400,473900,505300
153,306,508700,542400,578200,446000,475700,507200
154,308,510900,544700,580700,447900,477700,509400
155,310,512900,546900,583000,449500,479500,511300
156,312,514800,549000,585300,451200,481300,513200
157,314,517000,551300,587800,452800,483000,515100
158,316,519100,553600,590200,454600,484900,517200
159,318,521000,555600,592400,456200,486700,519100
160,320,523000,557800,594700,457800,488400,521000
161,322,525300,560200,597400,459600,490300,523000
162,324,527100,562200,599500,461300,492200,525000
163,326,529100,564300,601800,462900,493900,526900
164,328,531000,566400,604000,464500,495600,528800
165,330,533300,568800,606600,466200,497500,530800
166,332,535200,570900,608900,467800,499200,532600
167,334,537200,573100,611200,469500,501000,534600
168,336,539100,575100,613400,471000,502700,536400
169,338,541100,577200,615700,472700,504500,538400
170,340,543300,579600,618200,474300,506300,540300
171,342,545100,581600,620400,476100,508200,542300
172,344,547300,583900,622900,477800,510000,544300
173,346,549300,586100,625200,479300,511600,546100
174,348,551100,588000,627300,481000,513500,548100
175,350,553100,590200,629600,482500,515100,549900
176,352,555200,592400,632100,484300,517000,551900
177,354,557200,594600,634400,486000,518900,553900
178,356,559200,596700,636700,487500,520500,555700
179,358,561300,599000,639100,489200,522400,557700
180,360,563400,601200,641500,490700,524000,559500
181,362,565300,603300,643800,492500,525900,561500
182,364,567200,605400,646000,494100,527600,563400
183,366,569100,607400,648200,495700,529400,565300
184,368,571200,609600,650600,497300,531100,567200
185,370,573100,611700,652800,499000,533000,569200
186,372,575200,614000,655300,500600,534700,571000
187,374,585300,624300,665700,509400,543600,580100
188,376,587200,626300,667900,511000,545400,582000
189,378,589200,628400,670200,512600,547100,583900
190,380,591000,630400,672300,514200,548900,585800
191,382,593200,632800,674900,515800,550600,587600
192,384,595100,634800,677100,517600,552500,589700
193,386,597100,637000,679400,519300,554300,591700
194,388,598900,638900,681500,521100,556300,593800
195,390,601100,641300,684000,522900,558200,595900
196,392,603000,643300,686300,524600,560000,597800
197,394,605000,645500,688600,526300,561900,599800
198,396,606800,647400,690700,528100,563800,601900
199,398,608900,649700,693100,529700,565600,603800
200,400,610800,651700,695300,531400,567400,605800
201,402,612800,653900,697700,533100,569200,607700
202,404,614800,656100,700000,534800,571000,609700
203,406,616700,658100,702200,536600,573000,611800
204,408,618700,660200,704500,538300,574800,613800
205,410,620700,662400,706800,539900,576600,615700
206,412,622800,664700,709300,541700,578500,617700
207,414,624700,666700,711500,543500,580400,619800
208,416,626500,668700,713600,545000,582100,621600
209,418,628500,670800,715900,546800,584000,623700
210,420,630600,673100,718300,548500,585800,625700
211,422,632400,675000,720500,550200,587600,627600
212,424,634300,677100,722700,552000,589600,629700
213,426,636200,679100,724900,553600,591300,631600
214,428,638200,681300,727200,555300,593200,633600
215,430,640000,683200,729300,556800,594800,635400
216,432,642000,685400,731700,558700,596800,637500
217,434,644100,687700,734100,560200,598500,639300
218,436,646000,689700,736300,562000,600400,641400
219,438,647800,691600,738400,563700,602200,643400
220,440,649800,693800,740700,565400,604100,645400
221,442,652000,696200,743300,567200,606000,647400
222,444,653800,698100,745400,568700,607600,649200
223,446,655600,700100,747500,570500,609600,651300
224,448,657600,702200,749800,572200,611400,653300
225,450,659600,704300,752100,573800,613200,655200
226,452,661600,706500,754500,575500,615000,657100
227,454,663400,708500,756600,577200,616800,659100
228,456,665300,710500,758800,578900,618600,661100
229,458,667400,712800,761200,580600,620500,663100
230,460,669400,714900,763500,582300,622300,665100
231,462,671200,716900,765700,583900,624000,666900
232,464,673100,718900,767900,585600,625900,668900
233,466,675100,721100,770200,587400,627800,671000
234,468,676900,723000,772300,589100,629600,673000
235,470,678800,725100,774500,590700,631400,674900
236,472,680700,727200,776800,592300,633100,676700
237,474,682600,729200,779000,593900,634800,678600
238,476,684600,731400,781300,595700,636800,680700
239,478,686600,733500,783600,597300,638500,682600
240,480,688300,735300,785600,598900,640300,684500
241,482,690300,737500,788000,600500,642000,686300
242,484,692300,739700,790300,602300,643900,688400
243,486,694100,741600,792400,603900,645600,690300
244,488,696200,743900,794800,605600,647500,692300
245,490,698000,745800,796900,607200,649200,694200
246,492,699900,747900,799200,609000,651100,696200
247,494,701900,750000,801500,610700,653000,698200
248,496,703700,752000,803600,612300,654700,700100
249,498,705600,754000,805800,613900,656500,702000
250,500,707500,756100,808000,621700,664400,710100
251,502,709300,758100,810200,623300,666100,711900
252,504,711400,760300,812600,624900,667900,713800
253,506,713400,762400,814900,626400,669500,715600
254,508,715200,764400,817000,628000,671300,717500
255,510,717000,766300,819100,629400,672800,719200
256,512,718900,768400,821400,630800,674300,720800
257,514,720700,770400,823500,632600,676200,722900
258,516,722700,772500,825800,634000,677800,724600
259,518,724400,774400,827800,635500,679400,726400
260,520,726500,776600,830200,637100,681200,728300
261,522,728300,778600,832400,638700,682900,730100
262,524,730200,780600,834600,640100,684400,731800
263,526,732000,782600,836700,641700,686100,733700
264,528,734100,784800,839100,643100,687700,735400
265,530,735900,786800,841200,644400,689100,737000
266,532,737700,788800,843400,646200,691000,739000
267,534,747800,799000,853800,654700,699700,747800
268,536,749600,801000,855900,656400,701500,749800
269,538,751400,802900,858000,657800,703100,751500
270,540,753400,805100,860300,659200,704600,753200
271,542,757900,809800,865200,685100,730700,779300
272,544,759700,811700,867300,686600,732400,781100
273,546,761200,813400,869100,688000,733900,782800
274,548,763000,815300,871200,689500,735600,784600
275,550,764600,817000,873100,691200,737400,786600
276,552,766400,819000,875300,692700,739000,788300
277,554,767900,820700,877100,694000,740400,789900
278,556,769700,822600,879200,695500,742100,791700
279,558,771400,824500,881200,696900,743600,793400
280,560,772900,826100,883000,698600,745500,795400
281,562,774500,827900,885000,700100,747100,797100
282,564,776000,829500,886800,701500,748600,798800
283,566,777800,831500,888900,703000,750200,800600
284,568,779600,833400,891000,704500,751900,802400
285,570,781400,835400,893100,706000,753500,804200
286,572,783100,837200,895200,707500,755100,805900
287,574,785300,839600,897700,709100,756900,807800
288,576,787000,841400,899700,710400,758300,809400
289,578,788800,843400,901800,711900,760000,811200
290,580,790800,845500,904100,713500,761700,813100
291,582,792600,847500,906300,715000,763300,814800
292,584,794600,849700,908600,716300,764700,816400
293,586,796200,851400,910500,717800,766400,818200
294,588,798100,853400,912700,719400,768100,820100
295,590,800100,855600,915000,720800,769700,821800
296,592,802000,857700,917300,722200,771200,823400
297,594,803700,859500,919300,723500,772600,825000
298,596,805800,861800,921700,725100,774300,826900
299,598,807500,863600,923700,726700,776100,828800
300,600,814800,871100,931300,733100,782600,835500
301,602,816600,873100,933500,734600,784200,837200
302,604,818400,875000,935600,736000,785800,838900
303,606,820100,876800,937600,737600,787500,840800
304,608,822000,878900,939800,739000,789100,842500
305,610,823800,880800,941900,740400,790600,844200
306,612,825800,883000,944300,741800,792100,845800
307,614,827500,884900,946300,743400,793800,847700
308,616,829400,886900,948500,744800,795400,849400
309,618,831400,889100,950800,746300,797000,851200
310,620,833200,891000,952900,747700,798600,852900
311,622,834900,892900,955000,749100,800100,854500
312,624,836700,894800,957100,750700,801800,856400
313,626,838700,897000,959400,752100,803400,858100
314,628,840500,898900,961500,753500,804900,859800
315,630,842200,900800,963500,755000,806500,861600
316,632,844100,902800,965800,756400,808000,863200
317,634,846100,905000,968100,758100,809900,865200
318,636,847800,906800,970100,759500,811400,866900
319,638,849600,908800,972200,760900,813000,868600
320,640,851300,910600,974200,762300,814500,870300
321,642,853400,912900,976700,763600,815900,871800
322,644,855100,914800,978700,765200,817600,873700
323,646,856900,916700,980800,766500,819100,875300
324,648,858600,918500,982800,767900,820600,877000
325,650,860800,920900,985300,769300,822200,878700
326,652,862400,922700,987300,770800,823800,880400
327,654,864100,924500,989300,772300,825400,882200
328,656,865900,926500,991400,773700,826900,883900
329,658,867800,928500,993600,775000,828400,885500
330,660,869600,930400,995700,776400,829900,887200
331,662,871400,932400,997900,778000,831600,889000
332,664,873300,934500,1000100,779500,833300,890800
333,666,875100,936400,1002200,780900,834800,892500
334,668,876900,938400,1004300,782300,836300,894200
335,670,878700,940300,1006400,783800,838000,896000
336,672,880700,942500,1008800,785100,839400,897500
337,674,882300,944200,1010700,786600,841000,899300
338,676,884200,946300,1012900,788000,842600,901000
339,678,885900,948100,1014900,789500,844200,902800
340,680,887900,950300,1017200,790900,845800,904500
341,682,889700,952300,1019400,792100,847100,905900
342,684,891400,954100,1021400,793800,848900,907900
343,686,893200,956000,1023500,795100,850300,909500
344,688,895100,958100,1025700,796500,851900,911200
345,690,896900,960000,1027800,797900,853400,912900
346,692,898600,961900,1029900,799300,854900,914500
347,694,900500,964000,1032100,800800,856600,916300
348,696,902300,965900,1034200,802300,858200,918100
349,698,904100,967900,1036300,803400,859400,919500
350,700,905900,969800,1038400,804900,861100,921300
351,702,915600,979700,1048500,813400,869700,930000
352,704,917600,981900,1050800,814900,871400,931800
353,706,919200,983600,1052700,816200,872800,933400
354,708,921100,985700,1054900,817600,874300,935100
355,710,922900,987600,1057000,819100,876000,936900
356,712,924800,989700,1059300,820500,877500,938500
357,714,926500,991500,1061300,821900,879000,940200
358,716,928300,993500,1063400,823300,880600,941900
359,718,930000,995300,1065400,824800,882200,943700
360,720,931900,997400,1067600,826000,883500,945200
361,722,933600,999200,1069700,827500,885100,946900
362,724,935500,1001300,1071900,829000,886800,948700
363,726,937200,1003100,1073900,830300,888200,950300
364,728,939000,1005100,1076000,831700,889800,952000
365,730,940900,1007100,1078200,833200,891400,953800
366,732,942600,1009000,1080300,834400,892700,955200
367,734,944500,1011100,1082500,836000,894400,957100
368,736,946300,1013000,1084600,837300,895900,958700
369,738,948000,1014800,1086600,838700,897400,960400
370,740,949700,1016700,1088600,840100,899000,962100
371,742,951500,1018700,1090800,841400,900400,963600
372,744,953400,1020700,1093000,843000,902100,965500
373,746,955100,1022600,1095000,844300,903500,967100
374,748,956700,1024300,1096900,845600,905000,968700
375,750,958600,1026300,1099100,847100,906600,970500
376,752,960400,1028300,1101300,848200,907800,971800
377,754,962100,1030200,1103300,849800,909600,973700
378,756,963900,1032100,1105400,851100,911000,975300
379,758,965600,1034000,1107400,852400,912400,976900
380,760,967600,1036100,1109700,853900,914100,978700
381,762,969300,1038000,1111800,855100,915400,980100
382,764,970900,1039700,1113700,856700,917100,982000
383,766,972800,1041800,1115900,858100,918700,983700
384,768,974600,1043700,1118000,859300,920000,985200
385,770,976400,1045700,1120100,860800,921700,987000
386,772,978100,1047600,1122200,862100,923000,988500
387,774,980000,1049600,1124400,863700,924800,990400
388,776,981900,1051600,1126600,864900,926100,991900
389,778,983600,1053500,1128600,866300,927700,993600
390,780,985300,1055300,1130600,867600,929100,995200
391,782,987100,1057300,1132800,869000,930600,996800
392,784,988900,1059300,1134900,870300,932000,998400
393,786,990600,1061100,1136900,871800,933700,1000200
394,788,992400,1063000,1139000,873100,935100,1001800
395,790,994100,1064900,1141000,874600,936800,1003600
396,792,996000,1067000,1143300,875800,938100,1005000
397,794,997600,1068700,1145200,877200,939600,1006700
398,796,999200,1070500,1147100,878600,941200,1008400
399,798,1001100,1072500,1149300,880100,942800,1010200
400,800,1002800,1074300,1151300,881300,944100,1011700
401,802,1004500,1076100,1153000,882700,945500,1013100
402,804,1006300,1077900,1154800,884000,946800,1014400
403,806,1008000,1079600,1156500,885400,948300,1015800
404,808,1009800,1081400,1158300,886700,949600,1017100
405,810,1011700,1083300,1160200,888100,951000,1018500
406,812,1013300,1084900,1161800,889300,952200,1019700
407,814,1015000,1086600,1163500,890800,953700,1021200
408,816,1016900,1088500,1165400,892200,955100,1022600
409,818,1018700,1090300,1167200,893500,956400,1023900
410,820,1020400,1092000,1168900,894900,957800,1025300
411,822,1022100,1093700,1170600,896200,959100,1026600
412,824,1023900,1095500,1172400,897600,960500,1028000
413,826,1025700,1097400,1174200,899000,961900,1029400
414,828,1027500,1099200,1176000,900300,963200,1030700
415,830,1029100,1100800,1177600,901600,964500,1032000
416,832,1030900,1102600,1179400,902900,965800,1033300
417,834,1032800,1104500,1181300,904300,967200,1034700
418,836,1034500,1106200,1183000,905700,968600,1036100
419,838,1036000,1107700,1184500,907000,970000,1037400
420,840,1038000,1109700,1186500,908400,971400,1038800
421,842,1039500,1111200,1188000,909700,972700,1040100
422,844,1041200,1112900,1189700,911100,974100,1041500
423,846,1043100,1114800,1191600,912500,975500,1042900
424,848,1044800,1116500,1193300,913800,976800,1044200
425,850,1046500,1118300,1195000,915200,978200,1045600
426,852,1048400,1120200,1196900,916500,979500,1046900
427,854,1050000,1121800,1198500,917800,980800,1048200
428,856,1051900,1123700,1200400,919300,982300,1049700
429,858,1053700,1125500,1202200,920600,983600,1051000
430,860,1055200,1127000,1203700,921800,984800,1052200
431,862,1056900,1128700,1205400,923100,986100,1053500
432,864,1058800,1130600,1207300,924400,987400,1054800
433,866,1060600,1132400,1209100,925700,988700,1056100
434,868,1062200,1134000,1210700,927200,990300,1057600
435,870,1064100,1135900,1212600,928500,991600,1058900
436,872,1065800,1137600,1214300,929700,992800,1060100
437,874,1067600,1139400,1216100,931100,994200,1061500
438,876,1077300,1149200,1225800,939400,1002500,1069800
439,878,1079000,1150900,1227500,940900,1004000,1071300
440,880,1080800,1152700,1229300,942200,1005300,1072600
441,882,1082500,1154400,1231000,943400,1006500,1073800
442,884,1084300,1156200,1232800,944900,1008000,1075300
443,886,1085900,1157800,1234400,946200,1009300,1076600
444,888,1087700,1159600,1236200,947600,1010700,1078000
445,890,1089500,1161500,1238000,948900,1012100,1079300
446,892,1091100,1163100,1239600,950200,1013400,1080600
447,894,1092900,1164900,1241400,951600,1014800,1082000
448,896,1094600,1166600,1243100,953100,1016300,1083500
449,898,1096400,1168400,1244900,954700,1017900,1085100
450,900,1097900,1169900,1246400,956200,1019400,1086600
451,902,1099700,1171700,1248200,957600,1020800,1088000
452,904,1101500,1173500,1250000,959200,1022400,1089600
453,906,1103200,1175200,1251700,960700,1023900,1091100
454,908,1104900,1176900,1253400,962300,1025500,1092700
455,910,1106700,1178700,1255200,963800,1027000,1094200
456,912,1108400,1180400,1256900,965200,1028400,1095600
457,914,1110000,1182000,1258500,966700,1029900,1097100
458,916,1111900,1184000,1260400,968400,1031600,1098800
459,918,1113600,1185700,1262100,969900,1033100,1100300
460,920,1115300,1187400,1263800,971300,1034600,1101700
461,922,1117200,1189300,1265700,972700,1036000,1103100
462,924,1118800,1190900,1267300,974200,1037500,1104600
463,926,1120400,1192500,1268900,975900,1039200,1106300
464,928,1122200,1194300,1270700,977200,1040500,1107600
465,930,1124100,1196200,1272600,978700,1042000,1109100
466,932,1125700,1197800,1274200,980200,1043500,1110600
467,934,1127300,1199400,1275800,981800,1045100,1112200
468,936,1129200,1201300,1277700,983200,1046500,1113600
469,938,1130800,1202900,1279300,984700,1048000,1115100
470,940,1132600,1204800,1281100,986200,1049500,1116600
471,942,1134300,1206500,1282800,987700,1051000,1118100
472,944,1136000,1208200,1284500,989300,1052600,1119700
473,946,1137600,1209800,1286100,990800,1054100,1121200
474,948,1139300,1211500,1287800,992200,1055600,1122600
475,950,1141200,1213400,1289700,993700,1057100,1124100
476,952,1143000,1215200,1291500,995200,1058600,1125600
477,954,1144500,1216700,1293000,996800,1060200,1127200
478,956,1146200,1218400,1294700,998200,1061600,1128600
479,958,1148000,1220200,1296500,999600,1063000,1130000
480,960,1149800,1222000,1298300,1001200,1064600,1131600
481,962,1151400,1223600,1299900,1002800,1066200,1133200
482,964,1153000,1225200,1301500,1004300,1067700,1134700
483,966,1154900,1227200,1303400,1005700,1069100,1136100
484,968,1156700,1229000,1305200,1007200,1070600,1137600
485,970,1158400,1230700,1306900,1008700,1072100,1139100
486,972,1160000,1232300,1308500,1010100,1073500,1140500
487,974,1161700,1234000,1310200,1011700,1075100,1142100
488,976,1163500,1235800,1312000,1013200,1076700,1143600
489,978,1165200,1237500,1313700,1014700,1078200,1145100
490,980,1166900,1239200,1315400,1016100,1079600,1146500
491,982,1168500,1240800,1317000,1017700,1081200,1148100
492,984,1170400,1242700,1318900,1019100,1082600,1149500
493,986,1172100,1244400,1320600,1020500,1084000,1150900
494,988,1173800,1246100,1322300,1022000,1085500,1152400
495,990,1175500,1247900,1324000,1023700,1087200,1154100
496,992,1177300,1249700,1325800,1025200,1088700,1155600
497,994,1179000,1251400,1327500,1026500,1090000,1156900
498,996,1180600,1253000,1329100,1028100,1091600,1158500
499,998,1182200,1254600,1330700,1029500,1093000,1159900
500,1000,1183900,1256300,1332400,1031000,1094500,1161400
501,1002,1185800,1258200,1334300,1032600,1096100,1163000
502,1004,1187400,1259800,1335900,1034100,1097600,1164500
503,1006,1189100,1261500,1337600,1035500,1099100,1165900
504,1008,1190800,1263200,1339300,1037000,1100600,1167400
505,1010,1192700,1265100,1341200,1038600,1102200,1169000
506,1012,1194300,1266700,1342800,1040000,1103600,1170400
507,1014,1196000,1268400,1344500,1041500,1105100,1171900
508,1016,1197700,1270200,1346200,1043100,1106700,1173500
509,1018,1199600,1272100,1348100,1044500,1108100,1174900
510,1020,1201200,1273700,1349700,1046000,1109600,1176400
511,1022,1202900,1275400,1351400,1047500,1111100,1177900
512,1024,1204600,1277100,1353100,1048900,1112500,1179300
513,1026,1206400,1278900,1354900,1050500,1114100,1180900
514,1028,1208000,1280500,1356500,1052000,1115600,1182400
515,1030,1209700,1282200,1358200,1053500,1117100,1183900
516,1032,1211400,1283900,1359900,1055000,1118600,1185400
517,1034,1213200,1285700,1361700,1056500,1120200,1186900
518,1036,1214900,1287400,1363400,1057900,1121600,1188300
519,1038,1216600,1289100,1365100,1059500,1123200,1189900
520,1040,1218200,1290800,1366700,1060900,1124600,1191300
521,1042,1220000,1292600,1368500,1062300,1126000,1192700
522,1044,1221700,1294300,1370200,1063800,1127500,1194200
523,1046,1223400,1296000,1371900,1065400,1129100,1195800
524,1048,1225100,1297700,1373600,1066900,1130600,1197300
525,1050,1227000,1299600,1375500,1068300,1132000,1198700
526,1052,1228700,1301300,1377200,1069900,1133600,1200300
527,1054,1238400,1311000,1386900,1078400,1142200,1208800
528,1056,1240100,1312800,1388600,1080000,1143800,1210400
529,1058,1242000,1314700,1390500,1081500,1145300,1211900
530,1060,1243600,1316300,1392100,1083000,1146800,1213400
531,1062,1245300,1318000,1393800,1084400,1148200,1214800
532,1064,1247000,1319700,1395500,1085900,1149700,1216300
533,1066,1248800,1321500,1397300,1087500,1151300,1217900
534,1068,1250500,1323200,1399000,1089000,1152800,1219400
535,1070,1252200,1324900,1400700,1090400,1154200,1220800
536,1072,1253800,1326500,1402300,1092000,1155800,1222400
537,1074,1255700,1328400,1404200,1093700,1157500,1224100
538,1076,1257600,1330300,1406100,1095000,1158800,1225400
539,1078,1259200,1331900,1407700,1096600,1160400,1227000
540,1080,1260900,1333600,1409400,1098100,1161900,1228500
541,1082,1262700,1335500,1411200,1099500,1163400,1229900
542,1084,1264400,1337200,1412900,1101100,1165000,1231500
543,1086,1266100,1338900,1414600,1102600,1166500,1233000
544,1088,1267800,1340600,1416300,1104100,1168000,1234500
545,1090,1269600,1342400,1418100,1105600,1169500,1236000
546,1092,1271400,1344200,1419900,1107100,1171000,1237500
547,1094,1273100,1345900,1421600,1108700,1172600,1239100
548,1096,1274700,1347500,1423200,1110100,1174000,1240500
549,1098,1276600,1349400,1425100,1111600,1175500,1242000
550,1100,1278300,1351100,1426800,1113100,1177000,1243500
