recommendation_id,carrier_id,container_size,quantity_boxes,quantity_teu,origin_hub,origin_name,destination_hub,destination_name,train_id,departure_time,arrival_time,available_time,need_count,service_due_time_earliest,service_due_time_latest,physical_distance_km,tariff_distance_km,estimated_rail_charge_krw,participating_carrier_count,train_load_factor,max_earliness_hours,need_ids
REC0001,CARRIER_A,20FT,2,2,BUGANG,부강화물역 CY,YAKMOK,약목역 CY,CAND0158,2025-07-01 23:00,2025-07-02 01:00,2025-07-02 04:00,2,2025-07-03 11:00,2025-07-03 15:00,152.6,152.6,116537.56,6,0.5233,35,NEED0012|NEED0013
REC0002,CARRIER_A,20FT,5,5,BUGANG,부강화물역 CY,YAKMOK,약목역 CY,CAND0170,2025-07-04 23:00,2025-07-05 01:00,2025-07-05 04:00,4,2025-07-06 09:00,2025-07-06 16:00,152.6,152.6,291343.91,5,0.5008,36,NEED0014|NEED0015|NEED0016|NEED0017
REC0003,CARRIER_A,20FT,2,2,UIWANG,의왕ICD(오봉역),DONGSAN,동산역 CY,CAND0707,2025-07-03 18:00,2025-07-04 01:00,2025-07-04 04:00,2,2025-07-05 16:00,2025-07-05 17:00,242.0,236.2,180381.22,6,0.5009,37,NEED0001|NEED0002
REC0004,CARRIER_A,20FT,6,6,UIWANG,의왕ICD(오봉역),GWANGYANG,신광양항,CAND0707,2025-07-03 18:00,2025-07-04 06:00,2025-07-04 09:00,6,2025-07-04 13:00,2025-07-06 14:00,390.6,384.8,881592.18,6,0.5009,53,NEED0003|NEED0004|NEED0005|NEED0006|NEED0007|NEED0008
REC0005,CARRIER_A,20FT,7,7,UIWANG,의왕ICD(오봉역),YAKMOK,약목역 CY,CAND0170,2025-07-04 18:00,2025-07-05 01:00,2025-07-05 04:00,5,2025-07-06 17:00,2025-07-07 11:00,264.4,258.6,691206.75,5,0.5008,55,NEED0018|NEED0019|NEED0020|NEED0021|NEED0022
REC0006,CARRIER_B,20FT,1,1,UIWANG,의왕ICD(오봉역),BUGANG,부강화물역 CY,CAND0170,2025-07-04 18:00,2025-07-04 20:00,2025-07-04 23:00,1,2025-07-06 15:00,2025-07-06 15:00,111.8,111.8,42689.71,5,0.5008,40,NEED0027
REC0007,CARRIER_B,20FT,3,3,UIWANG,의왕ICD(오봉역),BUGANG,부강화물역 CY,CAND0707,2025-07-03 18:00,2025-07-03 20:00,2025-07-03 23:00,3,2025-07-05 17:00,2025-07-06 15:00,111.8,111.8,128069.13,6,0.5009,64,NEED0025|NEED0026|NEED0027
REC0008,CARRIER_B,40FT,1,2,UIWANG,의왕ICD(오봉역),BUGANG,부강화물역 CY,CAND0170,2025-07-04 18:00,2025-07-04 20:00,2025-07-04 23:00,1,2025-07-07 16:00,2025-07-07 16:00,111.8,111.8,66185.6,5,0.5008,65,NEED0033
REC0009,CARRIER_B,40FT,5,10,UIWANG,의왕ICD(오봉역),BUGANG,부강화물역 CY,CAND0707,2025-07-03 18:00,2025-07-03 20:00,2025-07-03 23:00,5,2025-07-06 06:00,2025-07-06 17:00,111.8,111.8,330928.0,6,0.5009,66,NEED0028|NEED0029|NEED0030|NEED0031|NEED0032
REC0010,CARRIER_B,20FT,14,14,UIWANG,의왕ICD(오봉역),BUSAN,부산신항,CAND0158,2025-07-01 18:00,2025-07-02 06:00,2025-07-02 09:00,8,2025-07-04 07:00,2025-07-05 07:00,408.1,402.3,2150599.23,6,0.5233,70,NEED0043|NEED0044|NEED0045|NEED0046|NEED0047|NEED0048|NEED0049|NEED0050
REC0011,CARRIER_B,20FT,13,13,UIWANG,의왕ICD(오봉역),BUSAN,부산신항,CAND0170,2025-07-04 18:00,2025-07-05 06:00,2025-07-05 09:00,9,2025-07-05 11:00,2025-07-07 10:00,408.1,402.3,1996984.99,5,0.5008,49,NEED0051|NEED0052|NEED0053|NEED0054|NEED0055|NEED0056|NEED0057|NEED0058|NEED0059
REC0012,CARRIER_B,40FT,1,2,UIWANG,의왕ICD(오봉역),BUSAN,부산신항,CAND0170,2025-07-04 18:00,2025-07-05 06:00,2025-07-05 09:00,1,2025-07-05 10:00,2025-07-05 10:00,408.1,402.3,238161.6,5,0.5008,1,NEED0065
REC0013,CARRIER_B,20FT,14,14,YAKMOK,약목역 CY,BUSAN,부산신항,CAND0158,2025-07-02 04:00,2025-07-02 06:00,2025-07-02 09:00,9,2025-07-03 08:00,2025-07-04 06:00,143.7,143.7,768185.72,6,0.5233,45,NEED0034|NEED0035|NEED0036|NEED0037|NEED0038|NEED0039|NEED0040|NEED0041|NEED0042
REC0014,CARRIER_B,20FT,1,1,YAKMOK,약목역 CY,BUSAN,부산신항,CAND0170,2025-07-05 04:00,2025-07-05 06:00,2025-07-05 09:00,1,2025-07-07 10:00,2025-07-07 10:00,143.7,143.7,54870.41,5,0.5008,49,NEED0059
REC0015,CARRIER_B,40FT,4,8,YAKMOK,약목역 CY,BUSAN,부산신항,CAND0158,2025-07-02 04:00,2025-07-02 06:00,2025-07-02 09:00,3,2025-07-02 10:00,2025-07-03 06:00,143.7,143.7,340281.6,6,0.5233,21,NEED0062|NEED0063|NEED0064
REC0016,CARRIER_C,20FT,1,1,BUGANG,부강화물역 CY,BUSAN,부산신항,CAND0170,2025-07-04 23:00,2025-07-05 06:00,2025-07-05 09:00,1,2025-07-06 09:00,2025-07-06 09:00,296.3,296.3,113139.19,5,0.5008,24,NEED0071
REC0017,CARRIER_C,20FT,2,2,UIWANG,의왕ICD(오봉역),BUSAN,부산신항,CAND0170,2025-07-04 18:00,2025-07-05 06:00,2025-07-05 09:00,2,2025-07-07 07:00,2025-07-07 10:00,408.1,402.3,307228.46,5,0.5008,49,NEED0072|NEED0073
REC0018,CARRIER_C,40FT,1,2,UIWANG,의왕ICD(오봉역),BUSAN,부산신항,CAND0170,2025-07-04 18:00,2025-07-05 06:00,2025-07-05 09:00,1,2025-07-07 13:00,2025-07-07 13:00,408.1,402.3,238161.6,5,0.5008,52,NEED0075
REC0019,CARRIER_C,20FT,4,4,UIWANG,의왕ICD(오봉역),DONGSAN,동산역 CY,CAND0707,2025-07-03 18:00,2025-07-04 01:00,2025-07-04 04:00,4,2025-07-04 11:00,2025-07-06 06:00,242.0,236.2,360762.44,6,0.5009,50,NEED0079|NEED0080|NEED0081|NEED0082
REC0020,CARRIER_C,20FT,4,4,YAKMOK,약목역 CY,BUSAN,부산신항,CAND0158,2025-07-02 04:00,2025-07-02 06:00,2025-07-02 09:00,4,2025-07-02 10:00,2025-07-03 13:00,143.7,143.7,219481.64,6,0.5233,28,NEED0067|NEED0068|NEED0069|NEED0070
REC0021,CARRIER_C,20FT,1,1,YAKMOK,약목역 CY,BUSAN,부산신항,CAND0170,2025-07-05 04:00,2025-07-05 06:00,2025-07-05 09:00,1,2025-07-07 17:00,2025-07-07 17:00,143.7,143.7,54870.41,5,0.5008,56,NEED0074
REC0022,CARRIER_D,40FT,1,2,BUGANG,부강화물역 CY,YAKMOK,약목역 CY,CAND0158,2025-07-01 23:00,2025-07-02 01:00,2025-07-02 04:00,1,2025-07-04 09:00,2025-07-04 09:00,152.6,152.6,90339.2,6,0.5233,53,NEED0095
REC0023,CARRIER_D,40FT,1,2,BUGANG,부강화물역 CY,YAKMOK,약목역 CY,CAND0170,2025-07-04 23:00,2025-07-05 01:00,2025-07-05 04:00,1,2025-07-06 14:00,2025-07-06 14:00,152.6,152.6,90339.2,5,0.5008,34,NEED0096
REC0024,CARRIER_D,40FT,5,10,UIWANG,의왕ICD(오봉역),GWANGYANG,신광양항,CAND0707,2025-07-03 18:00,2025-07-04 06:00,2025-07-04 09:00,5,2025-07-04 14:00,2025-07-06 11:00,390.6,384.8,1139008.0,6,0.5009,50,NEED0089|NEED0090|NEED0091|NEED0092|NEED0093
REC0025,CARRIER_E,20FT,1,1,BUGANG,부강화물역 CY,BUSAN,부산신항,CAND0158,2025-07-01 23:00,2025-07-02 06:00,2025-07-02 09:00,1,2025-07-03 13:00,2025-07-03 13:00,296.3,296.3,113139.19,6,0.5233,28,NEED0099
REC0026,CARRIER_E,20FT,2,2,UIWANG,의왕ICD(오봉역),BUSAN,부산신항,CAND0158,2025-07-01 18:00,2025-07-02 06:00,2025-07-02 09:00,2,2025-07-03 11:00,2025-07-03 13:00,408.1,402.3,307228.46,6,0.5233,28,NEED0098|NEED0099
REC0027,CARRIER_E,40FT,1,2,UIWANG,의왕ICD(오봉역),DONGSAN,동산역 CY,CAND0707,2025-07-03 18:00,2025-07-04 01:00,2025-07-04 04:00,1,2025-07-06 16:00,2025-07-06 16:00,242.0,236.2,139830.4,6,0.5009,60,NEED0101
REC0028,CARRIER_E,20FT,5,5,UIWANG,의왕ICD(오봉역),GWANGYANG,신광양항,CAND0707,2025-07-03 18:00,2025-07-04 06:00,2025-07-04 09:00,4,2025-07-04 16:00,2025-07-06 16:00,390.6,384.8,734660.15,6,0.5009,55,NEED0103|NEED0104|NEED0105|NEED0106
REC0029,CARRIER_E,40FT,1,2,UIWANG,의왕ICD(오봉역),GWANGYANG,신광양항,CAND0707,2025-07-03 18:00,2025-07-04 06:00,2025-07-04 09:00,1,2025-07-06 18:00,2025-07-06 18:00,390.6,384.8,227801.6,6,0.5009,57,NEED0107
REC0030,CARRIER_E,20FT,1,1,YAKMOK,약목역 CY,BUSAN,부산신항,CAND0158,2025-07-02 04:00,2025-07-02 06:00,2025-07-02 09:00,1,2025-07-03 10:00,2025-07-03 10:00,143.7,143.7,54870.41,6,0.5233,25,NEED0097
REC0031,CARRIER_F,20FT,8,8,BUGANG,부강화물역 CY,BUSAN,부산신항,CAND0158,2025-07-01 23:00,2025-07-02 06:00,2025-07-02 09:00,6,2025-07-03 14:00,2025-07-04 15:00,296.3,296.3,905113.52,6,0.5233,54,NEED0111|NEED0112|NEED0113|NEED0114|NEED0115|NEED0116
REC0032,CARRIER_F,40FT,1,2,DONGSAN,동산역 CY,GWANGYANG,신광양항,CAND0707,2025-07-04 04:00,2025-07-04 06:00,2025-07-04 09:00,1,2025-07-06 15:00,2025-07-06 15:00,148.6,148.6,87971.2,6,0.5009,54,NEED0126
REC0033,CARRIER_F,20FT,1,1,UIWANG,의왕ICD(오봉역),BUSAN,부산신항,CAND0158,2025-07-01 18:00,2025-07-02 06:00,2025-07-02 09:00,1,2025-07-03 07:00,2025-07-03 07:00,408.1,402.3,153614.23,6,0.5233,22,NEED0110
REC0034,CARRIER_F,20FT,4,4,UIWANG,의왕ICD(오봉역),BUSAN,부산신항,CAND0170,2025-07-04 18:00,2025-07-05 06:00,2025-07-05 09:00,4,2025-07-06 12:00,2025-07-07 13:00,408.1,402.3,614456.92,5,0.5008,52,NEED0117|NEED0118|NEED0119|NEED0120
REC0035,CARRIER_F,20FT,1,1,UIWANG,의왕ICD(오봉역),DONGSAN,동산역 CY,CAND0707,2025-07-03 18:00,2025-07-04 01:00,2025-07-04 04:00,1,2025-07-06 15:00,2025-07-06 15:00,242.0,236.2,90190.61,6,0.5009,59,NEED0121
REC0036,CARRIER_F,20FT,1,1,UIWANG,의왕ICD(오봉역),YAKMOK,약목역 CY,CAND0170,2025-07-04 18:00,2025-07-05 01:00,2025-07-05 04:00,1,2025-07-07 16:00,2025-07-07 16:00,264.4,258.6,98743.82,5,0.5008,60,NEED0129
