train_id,segment_sequence,segment,from_hub,to_hub,loaded_teu,capacity_teu,load_factor,physical_distance_km
CAND0158,1,UIWANG>BUGANG,UIWANG,BUGANG,17,66,0.2576,111.8
CAND0158,2,BUGANG>YAKMOK,BUGANG,YAKMOK,30,66,0.4545,152.6
CAND0158,3,YAKMOK>BUSAN,YAKMOK,BUSAN,53,66,0.803,143.7
CAND0170,1,UIWANG>BUGANG,UIWANG,BUGANG,34,66,0.5152,111.8
CAND0170,2,BUGANG>YAKMOK,BUGANG,YAKMOK,39,66,0.5909,152.6
CAND0170,3,YAKMOK>BUSAN,YAKMOK,BUSAN,26,66,0.3939,143.7
CAND0707,1,UIWANG>BUGANG,UIWANG,BUGANG,45,66,0.6818,111.8
CAND0707,2,BUGANG>DONGSAN,BUGANG,DONGSAN,32,66,0.4848,130.2
CAND0707,3,DONGSAN>GWANGYANG,DONGSAN,GWANGYANG,25,66,0.3788,148.6
